-- MySQL dump 10.13  Distrib 9.1.0, for Win64 (x86_64)
--
-- Host: localhost    Database: building
-- ------------------------------------------------------
-- Server version	9.1.0

/*!40101 SET @OLD_CHARACTER_SET_CLIENT=@@CHARACTER_SET_CLIENT */;
/*!40101 SET @OLD_CHARACTER_SET_RESULTS=@@CHARACTER_SET_RESULTS */;
/*!40101 SET @OLD_COLLATION_CONNECTION=@@COLLATION_CONNECTION */;
/*!50503 SET NAMES utf8mb4 */;
/*!40103 SET @OLD_TIME_ZONE=@@TIME_ZONE */;
/*!40103 SET TIME_ZONE='+00:00' */;
/*!40014 SET @OLD_UNIQUE_CHECKS=@@UNIQUE_CHECKS, UNIQUE_CHECKS=0 */;
/*!40014 SET @OLD_FOREIGN_KEY_CHECKS=@@FOREIGN_KEY_CHECKS, FOREIGN_KEY_CHECKS=0 */;
/*!40101 SET @OLD_SQL_MODE=@@SQL_MODE, SQL_MODE='NO_AUTO_VALUE_ON_ZERO' */;
/*!40111 SET @OLD_SQL_NOTES=@@SQL_NOTES, SQL_NOTES=0 */;

--
-- Table structure for table `earnings`
--

DROP TABLE IF EXISTS `earnings`;
/*!40101 SET @saved_cs_client     = @@character_set_client */;
/*!50503 SET character_set_client = utf8mb4 */;
CREATE TABLE `earnings` (
  `earning_id` int unsigned NOT NULL AUTO_INCREMENT,
  `earning_month` varchar(15) NOT NULL,
  `earning_title` text NOT NULL,
  `earning_amount` int unsigned NOT NULL,
  `earning_date` datetime NOT NULL,
  `earning_photo` varchar(50) NOT NULL,
  PRIMARY KEY (`earning_id`),
  KEY `earning_month` (`earning_month`),
  CONSTRAINT `earnings_ibfk_1` FOREIGN KEY (`earning_month`) REFERENCES `months` (`month_id`)
) ENGINE=InnoDB AUTO_INCREMENT=47 DEFAULT CHARSET=utf8mb3;
/*!40101 SET character_set_client = @saved_cs_client */;

--
-- Dumping data for table `earnings`
--

LOCK TABLES `earnings` WRITE;
/*!40000 ALTER TABLE `earnings` DISABLE KEYS */;
INSERT INTO `earnings` VALUES (4,'june2022','Sold Parking Scrap',1000,'2022-06-05 00:00:00','na'),(14,'july2022','Deshmukh Kaka Remaining Amount',1840,'2022-07-10 00:00:00','na'),(24,'july2022','Withdrawn From Bank',1200,'2022-07-22 00:00:00','na'),(34,'oct2022','Light Connection Taken By Flat No. 10 from common connection',1000,'2022-10-04 00:00:00','na'),(44,'oct2022','Contribution Of Cable By Flat No. 10',2000,'2022-10-04 00:00:00','na'),(45,'feb2023','Sold Old Cock In Scrap',520,'2023-02-26 00:00:00','na');
/*!40000 ALTER TABLE `earnings` ENABLE KEYS */;
UNLOCK TABLES;

--
-- Table structure for table `expenses`
--

DROP TABLE IF EXISTS `expenses`;
/*!40101 SET @saved_cs_client     = @@character_set_client */;
/*!50503 SET character_set_client = utf8mb4 */;
CREATE TABLE `expenses` (
  `expense_id` int unsigned NOT NULL AUTO_INCREMENT,
  `expense_month` varchar(15) NOT NULL,
  `expense_title` text NOT NULL,
  `expense_amount` int unsigned NOT NULL,
  `expense_date` datetime NOT NULL,
  `expense_photo` varchar(50) NOT NULL,
  PRIMARY KEY (`expense_id`),
  KEY `expense_month` (`expense_month`),
  CONSTRAINT `expenses_ibfk_1` FOREIGN KEY (`expense_month`) REFERENCES `months` (`month_id`)
) ENGINE=InnoDB AUTO_INCREMENT=534 DEFAULT CHARSET=utf8mb3;
/*!40101 SET character_set_client = @saved_cs_client */;

--
-- Dumping data for table `expenses`
--

LOCK TABLES `expenses` WRITE;
/*!40000 ALTER TABLE `expenses` DISABLE KEYS */;
INSERT INTO `expenses` VALUES (4,'june2022','Bhaiya Salary - 24 April to  31 May',2960,'2022-06-04 00:00:00','na'),(14,'contrib2000','Cable Digging Labour Charge',4500,'2022-05-12 00:00:00','na'),(24,'contrib2000','MSEB Wireman',500,'2022-05-13 00:00:00','na'),(34,'contrib2000','Chamber Cleaning',4500,'2022-05-15 00:00:00','na'),(44,'contrib2000','Cable Bill',14642,'2022-05-18 00:00:00','na'),(54,'may2022','Society Register',240,'2022-05-14 00:00:00','na'),(64,'may2022','Cleaning Mop, Viper, Finayel',570,'2022-05-19 00:00:00','na'),(74,'may2022','File',20,'2022-05-19 00:00:00','na'),(84,'may2022','10 Litre Plastic Canister',80,'2022-05-22 00:00:00','na'),(94,'may2022','Light Bill',1420,'2022-05-22 00:00:00','na'),(104,'may2022','Bill Book',650,'2022-05-23 00:00:00','na'),(114,'may2022','Carbon Paper',10,'2022-05-23 00:00:00','na'),(124,'may2022','Phavda, Thapi',240,'2022-05-26 00:00:00','na'),(134,'june2022','Parking Cleaning',200,'2022-06-09 00:00:00','na'),(144,'june2022','Ghamela',110,'2022-06-09 00:00:00','na'),(154,'june2022','Light Bill',2600,'2022-06-19 00:00:00','na'),(164,'june2022','Information Board',600,'2022-06-10 00:00:00','na'),(174,'june2022','Info. Board Fitting Material',90,'2022-06-11 00:00:00','na'),(184,'june2022','Info. Board Fitting Labour Charge',100,'2022-06-11 00:00:00','na'),(194,'june2022','Tap Lock',50,'2022-06-23 00:00:00','na'),(204,'july2022','Bhaiya Salary Duration - 1 June to 30 June',2400,'2022-07-01 00:00:00','na'),(214,'july2022','Tap Lock',70,'2022-07-10 00:00:00','na'),(224,'july2022','Broom - Kharata',60,'2022-07-17 00:00:00','na'),(234,'july2022','Light Bill',1830,'2022-07-21 00:00:00','na'),(244,'july2022','1 Piaggio Crush (वाळू )',1000,'2022-07-22 00:00:00','na'),(254,'july2022','Bricks',1425,'2022-07-22 00:00:00','na'),(264,'july2022','2 Sack JK Cement',650,'2022-07-22 00:00:00','na'),(274,'july2022','Labour Charge - Wall + Water filling space + e.t.c',1300,'2022-07-22 00:00:00','na'),(284,'august2022','Bhaiya Salary Duration - 1 July to 31 July',2400,'2022-08-01 00:00:00','na'),(294,'august2022','Light Bill',1690,'2022-08-22 00:00:00','na'),(304,'sept2022','Bhaiya Salary - Duration - 1 August to 31 August',2400,'2022-09-01 00:00:00','na'),(314,'sept2022','Light Bill',1900,'2022-09-18 00:00:00','na'),(324,'oct2022','Bhaiya Salary - 1 September to 30 September',2400,'2022-10-01 00:00:00','na'),(334,'oct2022','5 DTP Xerox, 2 Fevicol Bottle',50,'2022-10-08 00:00:00','na'),(344,'oct2022','Bhaiya Diwali Bonus',2400,'2022-10-22 00:00:00','na'),(354,'oct2022','Light Bill',2020,'2022-10-15 00:00:00','na'),(364,'oct2022','Phenyle, Broom, Kharata',320,'2022-10-26 00:00:00','na'),(374,'nov2022','Bhaiya Salary - 1 Oct to 31 oct',2400,'2022-11-01 00:00:00','na'),(384,'nov2022','Light Billl',2780,'2022-11-15 00:00:00','na'),(394,'nov2022','Air duct net and steel wire',580,'2022-11-17 00:00:00','na'),(404,'nov2022','Cow dung cake for flea treatment',30,'2022-11-27 00:00:00','na'),(414,'dec2022','Bhaiya Salary - 1 Nov to 30 Nov',2400,'2022-12-01 00:00:00','na'),(415,'dec2022','Light Bill',2070,'2022-12-16 00:00:00','na'),(416,'jan2023','Bhaiya Salary - 1 Dec to 31 December',2400,'2023-01-01 00:00:00','na'),(417,'jan2023','Wooden Ladder',800,'2023-01-19 00:00:00','na'),(418,'jan2023','Lock for Ladder',50,'2023-01-19 00:00:00','na'),(419,'jan2023','Light Bill',2150,'2023-01-23 00:00:00','na'),(420,'jan2023','Maintenance Xerox & Carbon',20,'2023-01-20 00:00:00','na'),(421,'jan2023','Staircase Gate front parking Tubelight 24W',320,'2023-01-21 00:00:00','na'),(422,'jan2023','Parking two tubelight fitting and other electrical works',1675,'2023-01-28 00:00:00','na'),(423,'jan2023','Electrical works 2 wireman labour cost',900,'2023-01-28 00:00:00','na'),(424,'feb2023','Bhaiya Salary - 1 Jan to 31 Jan',2400,'2023-02-01 00:00:00','na'),(425,'feb2023','17 Inch CCTV Monitor',4700,'2023-02-13 00:00:00','na'),(426,'feb2023','Light Bill',2260,'2023-02-19 00:00:00','na'),(427,'feb2023','Plumbing Material - For Tank Pipe Repair - Cock, e.t.c',1615,'2023-02-26 00:00:00','na'),(428,'feb2023','Plumbing Labour Cost',950,'2023-02-26 00:00:00','na'),(429,'march2023','Bhaiya Salary - Duration - 1 Feb to 28 Feb',2400,'2023-03-01 00:00:00','na'),(430,'april2023','Bhaiya Salary - 1 March to 31 March',2400,'2023-04-01 00:00:00','na'),(431,'march2023','Light Bill',2150,'2023-03-14 00:00:00','na'),(432,'march2023','मोठा झाडू आणि मोठा खराटा',200,'2023-03-22 00:00:00','na'),(433,'april2023','झाडू वाली बाई - पार्किंग झाडले (जोशी यांनी पाठवले)',100,'2023-04-15 00:00:00','na'),(434,'april2023','Light Bill',2160,'2023-04-18 00:00:00','na'),(435,'april2023','नवीन झाडू आणि खराटा',130,'2023-04-26 00:00:00','na'),(436,'april2023','बिल्डिंग अँड पार्किंग झाडणे (नेपाळी दांपत्य)',250,'2023-04-26 00:00:00','na'),(437,'may2023','झाडू वाली बाई - पार्किंग आणि बिल्डिंग झाडणे (जोशी आणि पुजारी यांनी पाठवले)',200,'2023-05-05 00:00:00','na'),(438,'may2023','Water Pump FootBall Inside Ground Tank Blue Color.',160,'2023-05-10 00:00:00','na'),(439,'may2023','झाडू वाली बाई - पार्किंग आणि बिल्डिंग झाडणे (जोशी आणि पुजारी यांनी पाठवले)',200,'2023-05-12 00:00:00','na'),(440,'may2023','झाडू वाली बाई - पार्किंग आणि बिल्डिंग झाडणे (जोशी आणि पुजारी यांनी पाठवले)',200,'2023-05-22 00:00:00','na'),(441,'may2023','Light Bill',2200,'2023-06-17 00:00:00','na'),(442,'june2023','बिल्डिंग अँड पार्किंग झाडणे (नेपाळी - प्रेम आणि त्यांची बायको )',250,'2023-06-06 00:00:00','na'),(443,'june2023','Big Cleaning Viper',100,'2023-06-14 00:00:00','na'),(444,'june2023','Light Bill',2070,'2023-06-19 00:00:00','na'),(445,'june2023','गच्ची चे डक आणि नळाच्या इथली गवत . बिल्डिंग अँड पार्किंग झाडणे (नेपाळी - प्रेम आणि त्यांचा भाऊ )',250,'2023-06-23 00:00:00','na'),(447,'june2023','1st and 3rd floor tubelight',660,'2023-06-24 00:00:00','na'),(448,'june2023','Tubelight Labour Cost',300,'2023-06-24 00:00:00','na'),(449,'june2023','Extra Clip for Tubelight.',30,'2023-06-24 00:00:00','na'),(450,'july2023','बिल्डिंग अँड पार्किंग झाडणे (नेपाळी - प्रेम)',250,'2023-07-11 00:00:00','na'),(451,'july2023','Light Bill',1890,'2023-07-19 00:00:00','na'),(452,'july2023','Cleaning Mop, Supli, Fenyl - Reshma Cleaner',270,'2023-07-24 00:00:00','na'),(453,'july2023','Maintenance Pavti Book Printing',750,'2023-07-27 00:00:00','na'),(454,'august2023','Light Bill',1890,'2023-08-19 00:00:00','na'),(455,'august2023','Hand Gloves For picking leaves - Reshma',50,'2023-08-19 00:00:00','na'),(456,'august2023','Building Cleaning Done By Reshma Tai Everyday',2000,'2023-08-24 00:00:00','na'),(457,'sept2023','Light Bill',1920,'2023-09-23 00:00:00','na'),(458,'sept2023','Building Cleaning By Reshmai Tai Done Everyday',2000,'2023-09-24 00:00:00','na'),(459,'sept2023','Tube Light Set - 2 Tubelight',560,'2023-09-17 00:00:00','na'),(460,'sept2023','Tubelight fitting labour cost',200,'2023-09-17 00:00:00','na'),(461,'sept2023','Plumbing L - Bow changing for Flat line 13,7,1',2700,'2023-09-19 00:00:00','na'),(462,'oct2023','Yellow Valve for Tank - Flat line - 17,11,5',500,'2023-10-11 00:00:00','na'),(463,'oct2023','M-Seal for Tank Valve',30,'2023-10-11 00:00:00','na'),(464,'oct2023','Teflon Tape for Tank Valve',20,'2023-10-11 00:00:00','na'),(465,'oct2023','Labour Charge Valve Fitting - Ganesh Plumber',400,'2023-10-11 00:00:00','na'),(466,'oct2023','phenyl bottle - Was stolen by thief on 1st Day',100,'2023-10-07 00:00:00','na'),(467,'oct2023','All Three Tanks Cleaning',2200,'2023-10-10 00:00:00','na'),(468,'oct2023','Light Bill',2340,'2023-10-12 00:00:00','na'),(469,'oct2023','Building Cleaning Salary (Reshma)',2000,'2023-10-24 00:00:00','na'),(470,'oct2023','Coconut Stick Big Broom (Kharata)',80,'2023-10-28 00:00:00','na'),(471,'oct2023','Plastic Broom (Kharata)',90,'2023-10-07 00:00:00','na'),(472,'oct2023','½ Inch (Half inch) Socket Tape',50,'2023-10-08 00:00:00','na'),(473,'nov2023','Reshmai Tai Diwali Gift Mithai Box',200,'2023-11-12 00:00:00','na'),(474,'nov2023','Water Tap Repair (Labour and Material)- Groundfloor',1450,'2023-11-17 00:00:00','na'),(475,'nov2023','Light Bill',2390,'2023-11-18 00:00:00','na'),(476,'nov2023','Reshma Tai (Building Cleaning) Salary',2000,'2023-11-24 00:00:00','na'),(477,'dec2023','Light Bill',2510,'2023-12-19 00:00:00','na'),(478,'dec2023','Reshma Tai (Building Cleaning) Salary',2000,'2023-12-24 00:00:00','na'),(479,'dec2023','Big Phenyl Bottle',200,'2023-12-24 00:00:00','na'),(480,'jan2024','Broom',100,'2024-01-11 00:00:00','na'),(481,'jan2024','Light Bill',2390,'2024-01-17 00:00:00','na'),(482,'jan2024','Reshma Tai ( Building Cleaning)',2000,'2024-01-24 00:00:00','na'),(483,'feb2024','Light Bill',2500,'2024-02-15 00:00:00','na'),(484,'feb2024','Cleaning weed near water tank',1400,'2024-02-20 00:00:00','na'),(485,'feb2024','Reshma Tai (Building Cleaning)',2000,'2024-02-24 00:00:00','na'),(486,'feb2024','Watchman Room Lock',60,'2024-02-27 00:00:00','na'),(487,'marc2024','Ceiling Adjustble Broom',100,'2024-03-14 00:00:00','na'),(488,'marc2024','Light Bill',2330,'2024-03-15 00:00:00','na'),(489,'marc2024','Reshma (Building Cleaning)',2000,'2024-03-24 00:00:00','na'),(490,'marc2024','Tubelight Fitting Material And Labour',1430,'2024-03-24 00:00:00','na'),(491,'apr2024','Reshma ( Building Cleaning ) - 15 Days Salary',925,'2024-04-06 00:00:00','na'),(492,'apr2024','Big Broom (खराटा) - Bought By Cleaning Lady',200,'2024-04-15 00:00:00','na'),(493,'apr2024','Light Bill',2290,'2024-04-16 00:00:00','na'),(494,'apr2024','Parking Charging Bulb',500,'2024-04-18 00:00:00','na'),(495,'apr2024','Cleaning Broom Smooth',100,'2024-04-24 00:00:00','na'),(496,'apr2024','Acid for Weeds At Terrace',50,'2024-04-24 00:00:00','na'),(497,'may2024','Inverter Bulb Fitting Labour Charge',0,'2024-05-03 00:00:00','na'),(498,'may2024','12+ Watt Inverter Bulb and Tube',0,'2024-05-03 00:00:00','na'),(499,'may2024','Fitting Material , Pipes wire',1745,'2024-05-03 00:00:00','na'),(500,'may2024','Acid for terrace weeds',50,'2024-05-05 00:00:00','na'),(501,'may2024','Water Tank Filter Net',50,'2024-05-05 00:00:00','na'),(502,'may2024','Bhagyshri (Building Cleaning)',2000,'2024-05-10 00:00:00','na'),(503,'may2024','Light Bill',2270,'2024-05-15 00:00:00','na'),(504,'june2024','Building cleaning',2000,'2024-06-10 00:00:00','na'),(505,'june2024','Light Bill',2430,'2024-06-18 00:00:00','na'),(506,'july2024','cleaning mop and mug',200,'2024-07-09 00:00:00','na'),(507,'july2024','Building Cleaning (Bhagyashree)',2000,'2024-07-11 00:00:00','na'),(508,'july2024','Light Bill',2570,'2024-07-17 00:00:00','na'),(509,'july2024','Chlorine Powder For Water treatmrnt at terrace for mosquito',120,'2024-07-30 00:00:00','na'),(510,'aug2024','Tube Light Fitting',300,'2024-08-09 00:00:00','na'),(511,'aug2024','Building Cleaning',2000,'2024-08-10 00:00:00','na'),(512,'aug2024','Gate Chain, Lock, Duplicates Keys',530,'2024-08-14 00:00:00','na'),(513,'aug2024','Light Bill',2590,'2024-08-18 00:00:00','na'),(514,'aug2024','CCTV Box Lock',60,'2024-08-18 00:00:00','na'),(515,'aug2024','3 days Building Cleaning (Nepali)',200,'2024-08-19 00:00:00','na'),(516,'aug2024','CCTV Unit Box outside. Including Labour and Material',3150,'2024-08-18 00:00:00','na'),(517,'aug2024','Broom and Big Stick Broom',160,'2024-08-24 00:00:00','na'),(518,'aug2024','Letter Head For MSEB Application -3 ColourPrint',30,'2024-08-29 00:00:00','na'),(519,'sept2024','Building Cleaning (Navshad)',2000,'2024-09-22 00:00:00','na'),(520,'sept2024','CCTV - Annunal Maintenance Charge',2500,'2024-09-22 00:00:00','na'),(521,'sept2024','Light Bill',2680,'2024-09-22 00:00:00','na'),(522,'oct2024','Light Bill',2740,'2024-10-19 00:00:00','na'),(523,'oct2024','Building Cleaning (Navshad)',2000,'2024-10-22 00:00:00','na'),(524,'nov2024','Building Cleaning ( Navshad)',2000,'2024-11-23 00:00:00','na'),(525,'nov2024','Light Bill',2560,'2024-11-25 00:00:00','na'),(526,'dec2024','Weed Cleaning Near Water Tank and Removing Garbage',2500,'2024-12-07 00:00:00','na'),(527,'dec2024','Big Stick Broom (Kharata)',60,'2024-12-12 00:00:00','na'),(528,'dec2024','Plumber - Elbow Change of Pipe for Flat 12 Line and Flat 3 Line',1300,'2024-12-19 00:00:00','na'),(529,'dec2024','Light Bill',3000,'2024-12-20 00:00:00','na'),(530,'newmeter2024','Labour Charge',6000,'2024-10-06 00:00:00','na'),(531,'newmeter2024','Wire',0,'2024-10-06 00:00:00','na'),(532,'newmeter2024','32A Fuse - 19 Quantity (MCB Legrand)',0,'2024-10-06 00:00:00','na'),(533,'newmeter2024','Channel Patti, Screw, Extra Coloured Wired. e.t.c',18240,'2024-10-06 00:00:00','na');
/*!40000 ALTER TABLE `expenses` ENABLE KEYS */;
UNLOCK TABLES;

--
-- Table structure for table `fine`
--

DROP TABLE IF EXISTS `fine`;
/*!40101 SET @saved_cs_client     = @@character_set_client */;
/*!50503 SET character_set_client = utf8mb4 */;
CREATE TABLE `fine` (
  `fine_id` int unsigned NOT NULL AUTO_INCREMENT,
  `fine_flat_no` int unsigned NOT NULL,
  `fine_month_id` varchar(15) NOT NULL,
  `fine_status` tinyint unsigned NOT NULL,
  `fine_amount` int unsigned NOT NULL,
  `fine_date` datetime NOT NULL,
  PRIMARY KEY (`fine_id`),
  KEY `fine_flat_no` (`fine_flat_no`),
  KEY `fine_month_id` (`fine_month_id`),
  CONSTRAINT `fine_ibfk_1` FOREIGN KEY (`fine_flat_no`) REFERENCES `members` (`flat_no`),
  CONSTRAINT `fine_ibfk_2` FOREIGN KEY (`fine_month_id`) REFERENCES `months` (`month_id`)
) ENGINE=InnoDB DEFAULT CHARSET=utf8mb3;
/*!40101 SET character_set_client = @saved_cs_client */;

--
-- Dumping data for table `fine`
--

LOCK TABLES `fine` WRITE;
/*!40000 ALTER TABLE `fine` DISABLE KEYS */;
/*!40000 ALTER TABLE `fine` ENABLE KEYS */;
UNLOCK TABLES;

--
-- Table structure for table `maintenance`
--

DROP TABLE IF EXISTS `maintenance`;
/*!40101 SET @saved_cs_client     = @@character_set_client */;
/*!50503 SET character_set_client = utf8mb4 */;
CREATE TABLE `maintenance` (
  `maintenance_id` int unsigned NOT NULL AUTO_INCREMENT,
  `maintenance_flat_no` int unsigned NOT NULL,
  `maintenance_month_id` varchar(15) NOT NULL,
  `maintenance_status` tinyint unsigned NOT NULL,
  `maintenance_amount` int unsigned NOT NULL,
  `maintenance_date` datetime NOT NULL,
  PRIMARY KEY (`maintenance_id`),
  KEY `maintenance_flat_no` (`maintenance_flat_no`),
  KEY `maintenance_month_id` (`maintenance_month_id`),
  CONSTRAINT `maintenance_ibfk_1` FOREIGN KEY (`maintenance_flat_no`) REFERENCES `members` (`flat_no`),
  CONSTRAINT `maintenance_ibfk_2` FOREIGN KEY (`maintenance_month_id`) REFERENCES `months` (`month_id`)
) ENGINE=InnoDB AUTO_INCREMENT=3491 DEFAULT CHARSET=utf8mb3;
/*!40101 SET character_set_client = @saved_cs_client */;

--
-- Dumping data for table `maintenance`
--

LOCK TABLES `maintenance` WRITE;
/*!40000 ALTER TABLE `maintenance` DISABLE KEYS */;
INSERT INTO `maintenance` VALUES (4,1,'contrib2000',1,2000,'2022-05-12 00:00:00'),(14,2,'contrib2000',1,2000,'2022-05-12 00:00:00'),(24,3,'contrib2000',1,2000,'2022-05-12 00:00:00'),(34,4,'contrib2000',1,2000,'2022-05-12 00:00:00'),(44,5,'contrib2000',1,2000,'2022-05-12 00:00:00'),(54,6,'contrib2000',1,2000,'2022-05-12 00:00:00'),(64,7,'contrib2000',1,2000,'2022-05-12 00:00:00'),(74,8,'contrib2000',1,2000,'2022-05-12 00:00:00'),(84,9,'contrib2000',1,2000,'2022-05-12 00:00:00'),(94,10,'contrib2000',1,2000,'2022-10-04 00:00:00'),(104,11,'contrib2000',1,2000,'2022-05-12 00:00:00'),(114,12,'contrib2000',1,2000,'2022-05-12 00:00:00'),(124,13,'contrib2000',1,2000,'2022-05-12 00:00:00'),(134,14,'contrib2000',1,2000,'2022-05-12 00:00:00'),(144,15,'contrib2000',1,2000,'2022-05-12 00:00:00'),(154,16,'contrib2000',1,2000,'2022-05-12 00:00:00'),(164,17,'contrib2000',1,2000,'2022-05-12 00:00:00'),(174,18,'contrib2000',1,2000,'2022-05-12 00:00:00'),(314,1,'may2022',1,500,'2022-05-09 00:00:00'),(324,2,'may2022',1,400,'2022-05-18 00:00:00'),(334,3,'may2022',1,500,'2022-05-09 00:00:00'),(344,4,'may2022',1,400,'2022-08-09 00:00:00'),(354,5,'may2022',1,400,'2022-06-10 00:00:00'),(364,6,'may2022',0,0,'2022-08-05 14:21:07'),(374,7,'may2022',1,400,'2022-05-09 00:00:00'),(384,8,'may2022',1,400,'2022-05-09 00:00:00'),(394,9,'may2022',1,400,'2022-05-09 00:00:00'),(404,10,'may2022',0,0,'2022-08-05 14:21:07'),(414,11,'may2022',1,400,'2022-06-05 00:00:00'),(424,12,'may2022',1,500,'2022-05-09 00:00:00'),(434,13,'may2022',1,400,'2022-05-09 00:00:00'),(444,14,'may2022',1,500,'2022-05-09 00:00:00'),(454,15,'may2022',0,0,'2022-08-05 14:21:07'),(464,16,'may2022',1,400,'2022-05-09 00:00:00'),(474,17,'may2022',0,0,'2022-08-05 14:21:07'),(484,18,'may2022',0,0,'2022-08-05 14:21:07'),(624,1,'june2022',1,500,'2022-06-01 00:00:00'),(634,2,'june2022',1,400,'2022-06-10 00:00:00'),(644,3,'june2022',1,500,'2022-06-10 00:00:00'),(654,4,'june2022',1,400,'2022-06-02 00:00:00'),(664,5,'june2022',1,400,'2022-06-10 00:00:00'),(674,6,'june2022',1,400,'2022-08-16 00:00:00'),(684,7,'june2022',1,400,'2022-06-04 00:00:00'),(694,8,'june2022',1,400,'2022-06-04 00:00:00'),(704,9,'june2022',1,400,'2022-06-02 00:00:00'),(714,10,'june2022',0,0,'2022-08-05 14:24:14'),(724,11,'june2022',1,400,'2022-06-05 00:00:00'),(734,12,'june2022',1,500,'2022-06-09 00:00:00'),(744,13,'june2022',1,400,'2022-06-07 00:00:00'),(754,14,'june2022',1,500,'2022-06-06 00:00:00'),(764,15,'june2022',1,500,'2022-06-06 00:00:00'),(774,16,'june2022',1,400,'2022-08-09 00:00:00'),(784,17,'june2022',0,0,'2022-08-05 14:24:14'),(794,18,'june2022',0,0,'2022-08-05 14:24:14'),(934,1,'july2022',1,500,'2022-07-09 00:00:00'),(944,2,'july2022',1,400,'2022-07-10 00:00:00'),(954,3,'july2022',1,500,'2022-07-09 00:00:00'),(964,4,'july2022',1,400,'2022-07-09 00:00:00'),(974,5,'july2022',1,400,'2022-07-01 00:00:00'),(984,6,'july2022',1,400,'2022-08-16 00:00:00'),(994,7,'july2022',1,400,'2022-07-04 00:00:00'),(1004,8,'july2022',1,400,'2022-07-04 00:00:00'),(1014,9,'july2022',1,400,'2022-07-01 00:00:00'),(1024,10,'july2022',0,0,'2022-08-05 14:25:32'),(1034,11,'july2022',1,400,'2022-07-06 00:00:00'),(1044,12,'july2022',1,500,'2022-07-10 00:00:00'),(1054,13,'july2022',1,400,'2022-07-09 00:00:00'),(1064,14,'july2022',1,500,'2022-07-07 00:00:00'),(1074,15,'july2022',1,500,'2022-07-08 00:00:00'),(1084,16,'july2022',1,400,'2022-07-10 00:00:00'),(1094,17,'july2022',0,0,'2022-08-05 14:25:32'),(1104,18,'july2022',0,0,'2022-08-05 14:25:32'),(1244,1,'august2022',1,500,'2022-08-01 00:00:00'),(1254,2,'august2022',1,400,'2022-08-10 00:00:00'),(1264,3,'august2022',1,500,'2022-08-09 00:00:00'),(1274,4,'august2022',1,400,'2022-08-04 00:00:00'),(1284,5,'august2022',1,400,'2022-08-10 00:00:00'),(1294,6,'august2022',1,400,'2022-08-16 00:00:00'),(1304,7,'august2022',1,400,'2022-08-07 00:00:00'),(1314,8,'august2022',1,400,'2022-08-07 00:00:00'),(1324,9,'august2022',1,400,'2022-08-01 00:00:00'),(1334,10,'august2022',1,400,'2022-08-08 00:00:00'),(1344,11,'august2022',1,400,'2022-08-10 00:00:00'),(1354,12,'august2022',1,500,'2022-08-09 00:00:00'),(1364,13,'august2022',1,400,'2022-08-10 00:00:00'),(1374,14,'august2022',1,500,'2022-08-10 00:00:00'),(1384,15,'august2022',1,500,'2022-08-03 00:00:00'),(1394,16,'august2022',1,400,'2022-08-09 00:00:00'),(1404,17,'august2022',1,500,'2022-08-07 00:00:00'),(1414,18,'august2022',1,500,'2022-08-07 00:00:00'),(1554,1,'sept2022',1,500,'2022-09-07 00:00:00'),(1564,2,'sept2022',0,0,'2022-08-29 02:53:47'),(1574,3,'sept2022',1,500,'2022-09-09 00:00:00'),(1584,4,'sept2022',1,400,'2022-09-04 00:00:00'),(1594,5,'sept2022',1,400,'2022-09-11 00:00:00'),(1604,6,'sept2022',1,400,'2022-09-16 00:00:00'),(1614,7,'sept2022',1,400,'2022-09-06 00:00:00'),(1624,8,'sept2022',1,400,'2022-09-06 00:00:00'),(1634,9,'sept2022',1,400,'2022-09-01 00:00:00'),(1644,10,'sept2022',1,400,'2022-09-09 00:00:00'),(1654,11,'sept2022',1,400,'2022-09-08 00:00:00'),(1664,12,'sept2022',1,500,'2022-09-07 00:00:00'),(1674,13,'sept2022',1,400,'2022-09-10 00:00:00'),(1684,14,'sept2022',1,500,'2022-09-01 00:00:00'),(1694,15,'sept2022',1,500,'2022-09-02 00:00:00'),(1704,16,'sept2022',1,400,'2022-09-07 00:00:00'),(1714,17,'sept2022',1,500,'2022-09-09 00:00:00'),(1724,18,'sept2022',1,500,'2022-09-09 00:00:00'),(2354,1,'oct2022',1,500,'2022-10-08 00:00:00'),(2364,2,'oct2022',0,0,'2022-10-01 05:33:47'),(2374,3,'oct2022',1,500,'2022-10-09 00:00:00'),(2384,4,'oct2022',1,400,'2022-10-03 00:00:00'),(2394,5,'oct2022',1,400,'2022-10-08 00:00:00'),(2404,6,'oct2022',1,400,'2022-10-12 00:00:00'),(2414,7,'oct2022',1,400,'2022-10-02 00:00:00'),(2424,8,'oct2022',1,400,'2022-10-02 00:00:00'),(2434,9,'oct2022',1,400,'2022-10-01 00:00:00'),(2444,10,'oct2022',1,400,'2022-10-08 00:00:00'),(2454,11,'oct2022',1,400,'2022-10-04 00:00:00'),(2464,12,'oct2022',1,500,'2022-10-02 00:00:00'),(2474,13,'oct2022',1,400,'2022-10-09 00:00:00'),(2484,14,'oct2022',1,500,'2022-10-01 00:00:00'),(2494,15,'oct2022',1,500,'2022-10-04 00:00:00'),(2504,16,'oct2022',1,400,'2022-10-02 00:00:00'),(2514,17,'oct2022',1,500,'2022-10-06 00:00:00'),(2524,18,'oct2022',1,500,'2022-10-06 00:00:00'),(2534,1,'nov2022',1,500,'2022-11-10 00:00:00'),(2544,2,'nov2022',0,0,'2022-10-26 21:53:25'),(2554,3,'nov2022',1,500,'2022-11-05 00:00:00'),(2564,4,'nov2022',1,400,'2022-11-03 00:00:00'),(2574,5,'nov2022',1,400,'2022-11-09 00:00:00'),(2584,6,'nov2022',1,400,'2022-11-08 00:00:00'),(2594,7,'nov2022',1,400,'2022-11-02 00:00:00'),(2604,8,'nov2022',1,400,'2022-11-02 00:00:00'),(2614,9,'nov2022',1,400,'2022-11-03 00:00:00'),(2624,10,'nov2022',1,500,'2022-11-10 00:00:00'),(2634,11,'nov2022',1,400,'2022-11-07 00:00:00'),(2644,12,'nov2022',1,500,'2022-11-10 00:00:00'),(2654,13,'nov2022',1,400,'2022-11-09 00:00:00'),(2664,14,'nov2022',1,500,'2022-11-05 00:00:00'),(2674,15,'nov2022',1,500,'2022-11-05 00:00:00'),(2684,16,'nov2022',1,400,'2022-11-06 00:00:00'),(2694,17,'nov2022',1,500,'2022-11-08 00:00:00'),(2704,18,'nov2022',1,500,'2022-11-08 00:00:00'),(2714,1,'dec2022',1,500,'2023-01-12 00:00:00'),(2724,2,'dec2022',0,0,'2022-12-01 08:27:04'),(2734,3,'dec2022',1,500,'2022-12-08 00:00:00'),(2744,4,'dec2022',1,400,'2022-12-03 00:00:00'),(2754,5,'dec2022',1,400,'2022-12-10 00:00:00'),(2764,6,'dec2022',1,400,'2022-12-10 00:00:00'),(2774,7,'dec2022',1,400,'2022-12-09 00:00:00'),(2784,8,'dec2022',1,400,'2022-12-09 00:00:00'),(2794,9,'dec2022',1,400,'2022-12-03 00:00:00'),(2804,10,'dec2022',1,500,'2022-12-10 00:00:00'),(2814,11,'dec2022',1,400,'2022-12-10 00:00:00'),(2824,12,'dec2022',1,500,'2022-12-04 00:00:00'),(2834,13,'dec2022',1,400,'2022-12-10 00:00:00'),(2844,14,'dec2022',1,500,'2022-12-10 00:00:00'),(2854,15,'dec2022',1,500,'2022-12-10 00:00:00'),(2864,16,'dec2022',1,400,'2022-12-07 00:00:00'),(2874,17,'dec2022',1,500,'2022-12-09 00:00:00'),(2884,18,'dec2022',1,500,'2022-12-09 00:00:00'),(2885,1,'jan2023',1,500,'2023-01-12 00:00:00'),(2886,2,'jan2023',0,0,'2023-01-06 09:58:46'),(2887,3,'jan2023',1,500,'2023-01-08 00:00:00'),(2888,4,'jan2023',1,400,'2023-01-03 00:00:00'),(2889,5,'jan2023',1,400,'2023-01-10 00:00:00'),(2890,6,'jan2023',1,400,'2023-01-08 00:00:00'),(2891,7,'jan2023',1,400,'2023-01-06 00:00:00'),(2892,8,'jan2023',1,400,'2023-01-06 00:00:00'),(2893,9,'jan2023',1,400,'2023-01-03 00:00:00'),(2894,10,'jan2023',1,500,'2023-01-08 00:00:00'),(2895,11,'jan2023',1,400,'2023-01-07 00:00:00'),(2896,12,'jan2023',1,500,'2023-01-08 00:00:00'),(2897,13,'jan2023',1,400,'2023-01-10 00:00:00'),(2898,14,'jan2023',1,500,'2023-01-06 00:00:00'),(2899,15,'jan2023',1,500,'2023-01-01 00:00:00'),(2900,16,'jan2023',1,400,'2023-01-06 00:00:00'),(2901,17,'jan2023',1,500,'2023-01-10 00:00:00'),(2902,18,'jan2023',1,500,'2023-01-10 00:00:00'),(2903,1,'feb2023',1,500,'2023-02-07 00:00:00'),(2904,2,'feb2023',0,0,'2023-02-08 13:44:00'),(2905,3,'feb2023',1,500,'2023-02-06 00:00:00'),(2906,4,'feb2023',1,400,'2023-02-04 00:00:00'),(2907,5,'feb2023',1,400,'2023-02-10 00:00:00'),(2908,6,'feb2023',1,400,'2023-02-09 00:00:00'),(2909,7,'feb2023',1,400,'2023-02-06 00:00:00'),(2910,8,'feb2023',1,400,'2023-02-06 00:00:00'),(2911,9,'feb2023',1,400,'2023-02-03 00:00:00'),(2912,10,'feb2023',1,400,'2023-02-09 00:00:00'),(2913,11,'feb2023',1,400,'2023-02-03 00:00:00'),(2914,12,'feb2023',1,500,'2023-02-05 00:00:00'),(2915,13,'feb2023',1,400,'2023-02-08 00:00:00'),(2916,14,'feb2023',1,500,'2023-02-09 00:00:00'),(2917,15,'feb2023',1,500,'2023-02-02 00:00:00'),(2918,16,'feb2023',1,400,'2023-02-07 00:00:00'),(2919,17,'feb2023',1,500,'2023-02-09 00:00:00'),(2920,18,'feb2023',1,500,'2023-02-09 00:00:00'),(2921,1,'march2023',1,500,'2023-03-06 00:00:00'),(2922,2,'march2023',1,400,'2023-03-10 00:00:00'),(2923,3,'march2023',1,500,'2023-03-07 00:00:00'),(2924,4,'march2023',1,400,'2023-03-07 00:00:00'),(2925,5,'march2023',1,400,'2023-03-10 00:00:00'),(2926,6,'march2023',1,400,'2023-03-08 00:00:00'),(2927,7,'march2023',1,400,'2023-03-04 00:00:00'),(2928,8,'march2023',1,400,'2023-03-04 00:00:00'),(2929,9,'march2023',1,400,'2023-03-04 00:00:00'),(2930,10,'march2023',1,500,'2023-03-06 00:00:00'),(2931,11,'march2023',1,400,'2023-03-10 00:00:00'),(2932,12,'march2023',1,500,'2023-03-06 00:00:00'),(2933,13,'march2023',1,400,'2023-03-09 00:00:00'),(2934,14,'march2023',1,500,'2023-03-10 00:00:00'),(2935,15,'march2023',1,500,'2023-03-09 00:00:00'),(2936,16,'march2023',1,400,'2023-03-06 00:00:00'),(2937,17,'march2023',1,500,'2023-03-07 00:00:00'),(2938,18,'march2023',1,500,'2023-03-07 00:00:00'),(2939,1,'april2023',1,500,'2023-04-04 00:00:00'),(2940,2,'april2023',1,400,'2023-04-10 00:00:00'),(2941,3,'april2023',1,500,'2023-04-06 00:00:00'),(2942,4,'april2023',1,400,'2023-04-02 00:00:00'),(2943,5,'april2023',1,400,'2023-04-10 00:00:00'),(2944,6,'april2023',1,400,'2023-04-08 00:00:00'),(2945,7,'april2023',1,400,'2023-04-04 00:00:00'),(2946,8,'april2023',1,400,'2023-04-04 00:00:00'),(2947,9,'april2023',1,400,'2023-04-02 00:00:00'),(2948,10,'april2023',1,500,'2023-04-07 00:00:00'),(2949,11,'april2023',1,400,'2023-04-07 00:00:00'),(2950,12,'april2023',1,500,'2023-04-07 00:00:00'),(2951,13,'april2023',1,400,'2023-04-05 00:00:00'),(2952,14,'april2023',1,500,'2023-04-10 00:00:00'),(2953,15,'april2023',1,500,'2023-04-05 00:00:00'),(2954,16,'april2023',1,400,'2023-04-08 00:00:00'),(2955,17,'april2023',1,500,'2023-04-09 00:00:00'),(2956,18,'april2023',1,500,'2023-04-09 00:00:00'),(2957,1,'may2023',1,500,'2023-05-05 00:00:00'),(2958,2,'may2023',1,400,'2023-05-10 00:00:00'),(2959,3,'may2023',1,500,'2023-05-05 00:00:00'),(2960,4,'may2023',1,400,'2023-05-03 00:00:00'),(2961,5,'may2023',1,400,'2023-05-10 00:00:00'),(2962,6,'may2023',1,400,'2023-05-09 00:00:00'),(2963,7,'may2023',1,400,'2023-05-03 00:00:00'),(2964,8,'may2023',1,400,'2023-05-03 00:00:00'),(2965,9,'may2023',1,400,'2023-05-03 00:00:00'),(2966,10,'may2023',1,500,'2023-05-05 00:00:00'),(2967,11,'may2023',1,400,'2023-05-10 00:00:00'),(2968,12,'may2023',1,500,'2023-05-03 00:00:00'),(2969,13,'may2023',1,400,'2023-05-10 00:00:00'),(2970,14,'may2023',1,500,'2023-05-05 00:00:00'),(2971,15,'may2023',1,500,'2023-05-07 00:00:00'),(2972,16,'may2023',1,400,'2023-05-05 00:00:00'),(2973,17,'may2023',1,500,'2023-05-10 00:00:00'),(2974,18,'may2023',1,500,'2023-05-10 00:00:00'),(2975,1,'june2023',1,500,'2023-06-05 00:00:00'),(2976,2,'june2023',0,0,'2023-06-11 08:56:36'),(2977,3,'june2023',1,500,'2023-06-07 00:00:00'),(2978,4,'june2023',1,400,'2023-06-06 00:00:00'),(2979,5,'june2023',1,400,'2023-06-09 00:00:00'),(2980,6,'june2023',1,400,'2023-06-10 00:00:00'),(2981,7,'june2023',1,400,'2023-06-08 00:00:00'),(2982,8,'june2023',1,400,'2023-06-08 00:00:00'),(2983,9,'june2023',1,400,'2023-06-05 00:00:00'),(2984,10,'june2023',1,500,'2023-06-07 00:00:00'),(2985,11,'june2023',1,400,'2023-06-10 00:00:00'),(2986,12,'june2023',1,500,'2023-06-09 00:00:00'),(2987,13,'june2023',1,400,'2023-06-08 00:00:00'),(2988,14,'june2023',1,500,'2023-06-02 00:00:00'),(2989,15,'june2023',1,500,'2023-06-08 00:00:00'),(2990,16,'june2023',1,400,'2023-06-08 00:00:00'),(2991,17,'june2023',1,500,'2023-06-11 00:00:00'),(2992,18,'june2023',1,500,'2023-06-11 00:00:00'),(2993,1,'july2023',1,500,'2023-07-07 00:00:00'),(2994,2,'july2023',0,0,'2023-07-16 11:54:40'),(2995,3,'july2023',1,500,'2023-07-08 00:00:00'),(2996,4,'july2023',1,400,'2023-07-03 00:00:00'),(2997,5,'july2023',1,400,'2023-07-10 00:00:00'),(2998,6,'july2023',1,400,'2023-07-09 00:00:00'),(2999,7,'july2023',1,400,'2023-07-04 00:00:00'),(3000,8,'july2023',1,400,'2023-07-04 00:00:00'),(3001,9,'july2023',1,400,'2023-07-03 00:00:00'),(3002,10,'july2023',1,500,'2023-07-06 00:00:00'),(3003,11,'july2023',1,400,'2023-07-20 00:00:00'),(3004,12,'july2023',1,500,'2023-07-06 00:00:00'),(3005,13,'july2023',1,400,'2023-07-10 00:00:00'),(3006,14,'july2023',1,500,'2023-07-06 00:00:00'),(3007,15,'july2023',1,500,'2023-07-08 00:00:00'),(3008,16,'july2023',1,400,'2023-07-06 00:00:00'),(3009,17,'july2023',1,500,'2023-07-09 00:00:00'),(3010,18,'july2023',1,500,'2023-07-09 00:00:00'),(3011,1,'august2023',1,500,'2023-08-07 00:00:00'),(3012,2,'august2023',1,400,'2023-08-10 00:00:00'),(3013,3,'august2023',1,500,'2023-08-04 00:00:00'),(3014,4,'august2023',1,400,'2023-08-03 00:00:00'),(3015,5,'august2023',1,400,'2023-08-10 00:00:00'),(3016,6,'august2023',1,400,'2023-08-09 00:00:00'),(3017,7,'august2023',1,400,'2023-08-01 00:00:00'),(3018,8,'august2023',1,400,'2023-08-01 00:00:00'),(3019,9,'august2023',1,400,'2023-08-01 00:00:00'),(3020,10,'august2023',1,500,'2023-08-07 00:00:00'),(3021,11,'august2023',1,400,'2023-08-14 00:00:00'),(3022,12,'august2023',1,500,'2023-08-09 00:00:00'),(3023,13,'august2023',1,400,'2023-08-09 00:00:00'),(3024,14,'august2023',1,500,'2023-08-04 00:00:00'),(3025,15,'august2023',1,600,'2023-08-13 00:00:00'),(3026,16,'august2023',1,400,'2023-08-07 00:00:00'),(3027,17,'august2023',1,500,'2023-08-10 00:00:00'),(3028,18,'august2023',1,500,'2023-08-10 00:00:00'),(3029,1,'sept2023',1,500,'2023-09-07 00:00:00'),(3030,2,'sept2023',1,400,'2023-09-11 00:00:00'),(3031,3,'sept2023',1,500,'2023-09-06 00:00:00'),(3032,4,'sept2023',1,400,'2023-09-04 00:00:00'),(3033,5,'sept2023',1,400,'2023-09-10 00:00:00'),(3034,6,'sept2023',1,400,'2023-09-09 00:00:00'),(3035,7,'sept2023',1,400,'2023-09-03 00:00:00'),(3036,8,'sept2023',1,400,'2023-09-03 00:00:00'),(3037,9,'sept2023',1,400,'2023-09-03 00:00:00'),(3038,10,'sept2023',1,500,'2023-09-09 00:00:00'),(3039,11,'sept2023',1,400,'2023-09-09 00:00:00'),(3040,12,'sept2023',1,500,'2023-09-03 00:00:00'),(3041,13,'sept2023',1,400,'2023-09-10 00:00:00'),(3042,14,'sept2023',1,500,'2023-09-04 00:00:00'),(3043,15,'sept2023',1,500,'2023-09-10 00:00:00'),(3044,16,'sept2023',1,400,'2023-09-07 00:00:00'),(3045,17,'sept2023',1,500,'2023-09-10 00:00:00'),(3046,18,'sept2023',1,500,'2023-09-10 00:00:00'),(3047,1,'oct2023',1,500,'2023-10-08 00:00:00'),(3048,2,'oct2023',1,400,'2023-10-10 00:00:00'),(3049,3,'oct2023',1,500,'2023-10-05 00:00:00'),(3050,4,'oct2023',1,400,'2023-10-04 00:00:00'),(3051,5,'oct2023',1,400,'2023-10-04 00:00:00'),(3052,6,'oct2023',1,400,'2023-10-10 00:00:00'),(3053,7,'oct2023',1,400,'2023-10-03 00:00:00'),(3054,8,'oct2023',1,400,'2023-10-03 00:00:00'),(3055,9,'oct2023',1,400,'2023-10-03 00:00:00'),(3056,10,'oct2023',1,500,'2023-10-07 00:00:00'),(3057,11,'oct2023',1,400,'2023-10-10 00:00:00'),(3058,12,'oct2023',1,500,'2023-10-04 00:00:00'),(3059,13,'oct2023',1,400,'2023-10-09 00:00:00'),(3060,14,'oct2023',1,500,'2023-10-02 00:00:00'),(3061,15,'oct2023',1,500,'2023-10-10 00:00:00'),(3062,16,'oct2023',1,400,'2023-10-08 00:00:00'),(3063,17,'oct2023',1,500,'2023-10-10 00:00:00'),(3064,18,'oct2023',1,500,'2023-10-10 00:00:00'),(3078,1,'nov2023',1,500,'2023-11-07 00:00:00'),(3079,2,'nov2023',1,400,'2023-11-10 00:00:00'),(3080,3,'nov2023',1,500,'2023-11-04 00:00:00'),(3081,4,'nov2023',1,400,'2023-11-04 00:00:00'),(3082,5,'nov2023',1,400,'2023-11-10 00:00:00'),(3083,6,'nov2023',1,400,'2023-11-09 00:00:00'),(3084,7,'nov2023',1,400,'2023-11-05 00:00:00'),(3085,8,'nov2023',1,400,'2023-11-05 00:00:00'),(3086,9,'nov2023',1,400,'2023-11-05 00:00:00'),(3087,10,'nov2023',1,500,'2023-11-08 00:00:00'),(3088,11,'nov2023',1,400,'2023-12-04 00:00:00'),(3089,12,'nov2023',1,500,'2023-11-10 00:00:00'),(3090,13,'nov2023',1,400,'2023-11-06 00:00:00'),(3091,14,'nov2023',1,500,'2023-11-01 00:00:00'),(3092,15,'nov2023',1,500,'2023-11-10 00:00:00'),(3093,16,'nov2023',1,400,'2023-11-09 00:00:00'),(3094,17,'nov2023',1,500,'2023-11-09 00:00:00'),(3095,18,'nov2023',1,500,'2023-11-09 00:00:00'),(3096,1,'dec2023',1,500,'2023-12-07 00:00:00'),(3097,2,'dec2023',1,400,'2023-12-10 00:00:00'),(3098,3,'dec2023',1,500,'2023-12-06 00:00:00'),(3099,4,'dec2023',1,400,'2023-12-04 00:00:00'),(3100,5,'dec2023',1,400,'2023-12-10 00:00:00'),(3101,6,'dec2023',1,400,'2023-12-10 00:00:00'),(3102,7,'dec2023',1,400,'2023-12-06 00:00:00'),(3103,8,'dec2023',1,400,'2023-12-06 00:00:00'),(3104,9,'dec2023',1,400,'2023-12-04 00:00:00'),(3105,10,'dec2023',1,500,'2023-12-07 00:00:00'),(3106,11,'dec2023',1,400,'2023-12-04 00:00:00'),(3107,12,'dec2023',1,500,'2023-12-07 00:00:00'),(3108,13,'dec2023',1,400,'2023-12-10 00:00:00'),(3109,14,'dec2023',1,500,'2023-12-04 00:00:00'),(3110,15,'dec2023',1,600,'2023-12-11 00:00:00'),(3111,16,'dec2023',1,400,'2023-12-08 00:00:00'),(3112,17,'dec2023',1,500,'2023-12-10 00:00:00'),(3113,18,'dec2023',1,500,'2023-12-10 00:00:00'),(3114,1,'jan2024',1,500,'2024-01-07 00:00:00'),(3115,2,'jan2024',1,400,'2024-01-10 00:00:00'),(3116,3,'jan2024',1,500,'2024-01-05 00:00:00'),(3117,4,'jan2024',1,400,'2024-01-04 00:00:00'),(3118,5,'jan2024',1,400,'2024-01-10 00:00:00'),(3119,6,'jan2024',1,400,'2024-01-09 00:00:00'),(3120,7,'jan2024',1,400,'2024-01-05 00:00:00'),(3121,8,'jan2024',1,400,'2024-01-05 00:00:00'),(3122,9,'jan2024',1,400,'2024-01-04 00:00:00'),(3123,10,'jan2024',1,500,'2024-01-08 00:00:00'),(3124,11,'jan2024',1,400,'2024-01-05 00:00:00'),(3125,12,'jan2024',1,500,'2024-01-08 00:00:00'),(3126,13,'jan2024',1,400,'2024-01-08 00:00:00'),(3127,14,'jan2024',1,500,'2024-01-02 00:00:00'),(3128,15,'jan2024',1,600,'2024-01-14 00:00:00'),(3129,16,'jan2024',1,400,'2024-01-03 00:00:00'),(3130,17,'jan2024',1,500,'2024-01-10 00:00:00'),(3131,18,'jan2024',1,500,'2024-01-10 00:00:00'),(3132,1,'feb2024',1,600,'2024-02-08 00:00:00'),(3133,2,'feb2024',1,400,'2024-02-10 00:00:00'),(3134,3,'feb2024',1,600,'2024-02-08 00:00:00'),(3135,4,'feb2024',1,400,'2024-02-03 00:00:00'),(3136,5,'feb2024',1,400,'2024-02-09 00:00:00'),(3137,6,'feb2024',1,400,'2024-02-11 00:00:00'),(3138,7,'feb2024',1,400,'2024-02-09 00:00:00'),(3139,8,'feb2024',1,400,'2024-02-09 00:00:00'),(3140,9,'feb2024',1,400,'2024-02-03 00:00:00'),(3141,10,'feb2024',1,600,'2024-02-09 00:00:00'),(3142,11,'feb2024',1,400,'2024-02-05 00:00:00'),(3143,12,'feb2024',1,600,'2024-02-08 00:00:00'),(3144,13,'feb2024',1,400,'2024-02-07 00:00:00'),(3145,14,'feb2024',1,600,'2024-02-04 00:00:00'),(3146,15,'feb2024',1,600,'2024-02-10 00:00:00'),(3147,16,'feb2024',1,400,'2024-02-07 00:00:00'),(3148,17,'feb2024',1,600,'2024-02-10 00:00:00'),(3149,18,'feb2024',1,600,'2024-02-10 00:00:00'),(3163,1,'marc2024',1,600,'2024-03-07 00:00:00'),(3164,2,'marc2024',1,400,'2024-03-10 00:00:00'),(3165,3,'marc2024',1,600,'2024-03-03 00:00:00'),(3166,4,'marc2024',1,400,'2024-03-03 00:00:00'),(3167,5,'marc2024',1,400,'2024-03-09 00:00:00'),(3168,6,'marc2024',1,400,'2024-03-10 00:00:00'),(3169,7,'marc2024',1,400,'2024-03-06 00:00:00'),(3170,8,'marc2024',1,400,'2024-03-06 00:00:00'),(3171,9,'marc2024',1,400,'2024-03-03 00:00:00'),(3172,10,'marc2024',1,600,'2024-03-07 00:00:00'),(3173,11,'marc2024',1,400,'2024-03-10 00:00:00'),(3174,12,'marc2024',1,600,'2024-03-07 00:00:00'),(3175,13,'marc2024',1,400,'2024-03-09 00:00:00'),(3176,14,'marc2024',1,600,'2024-03-03 00:00:00'),(3177,15,'marc2024',1,600,'2024-03-06 00:00:00'),(3178,16,'marc2024',1,400,'2024-03-05 00:00:00'),(3179,17,'marc2024',1,600,'2024-03-10 00:00:00'),(3180,18,'marc2024',1,600,'2024-03-10 00:00:00'),(3181,1,'apr2024',1,600,'2024-04-09 00:00:00'),(3182,2,'apr2024',1,400,'2024-04-11 00:00:00'),(3183,3,'apr2024',1,600,'2024-04-07 00:00:00'),(3184,4,'apr2024',1,400,'2024-04-09 00:00:00'),(3185,5,'apr2024',1,400,'2024-04-11 00:00:00'),(3186,6,'apr2024',1,400,'2024-04-12 00:00:00'),(3187,7,'apr2024',1,400,'2024-04-05 00:00:00'),(3188,8,'apr2024',1,400,'2024-04-05 00:00:00'),(3189,9,'apr2024',1,400,'2024-04-01 00:00:00'),(3190,10,'apr2024',1,600,'2024-04-11 00:00:00'),(3191,11,'apr2024',1,400,'2024-04-11 00:00:00'),(3192,12,'apr2024',1,600,'2024-04-06 00:00:00'),(3193,13,'apr2024',1,400,'2024-04-07 00:00:00'),(3194,14,'apr2024',1,600,'2024-04-01 00:00:00'),(3195,15,'apr2024',1,600,'2024-04-07 00:00:00'),(3196,16,'apr2024',1,400,'2024-04-09 00:00:00'),(3197,17,'apr2024',1,600,'2024-04-10 00:00:00'),(3198,18,'apr2024',1,600,'2024-04-10 00:00:00'),(3212,1,'may2024',1,600,'2024-05-04 00:00:00'),(3213,2,'may2024',1,400,'2024-05-10 00:00:00'),(3214,3,'may2024',1,600,'2024-05-10 00:00:00'),(3215,4,'may2024',1,400,'2024-05-04 00:00:00'),(3216,5,'may2024',1,400,'2024-05-10 00:00:00'),(3217,6,'may2024',1,400,'2024-05-10 00:00:00'),(3218,7,'may2024',1,400,'2024-05-05 00:00:00'),(3219,8,'may2024',1,400,'2024-05-05 00:00:00'),(3220,9,'may2024',1,400,'2024-05-01 00:00:00'),(3221,10,'may2024',1,600,'2024-05-08 00:00:00'),(3222,11,'may2024',1,400,'2024-05-06 00:00:00'),(3223,12,'may2024',1,600,'2024-05-10 00:00:00'),(3224,13,'may2024',1,400,'2024-05-10 00:00:00'),(3225,14,'may2024',1,600,'2024-05-01 00:00:00'),(3226,15,'may2024',1,600,'2024-05-10 00:00:00'),(3227,16,'may2024',1,400,'2024-05-09 00:00:00'),(3228,17,'may2024',1,600,'2024-05-10 00:00:00'),(3229,18,'may2024',1,600,'2024-05-10 00:00:00'),(3243,1,'june2024',1,600,'2024-06-02 00:00:00'),(3244,2,'june2024',1,400,'2024-06-03 00:00:00'),(3245,3,'june2024',1,600,'2024-06-07 00:00:00'),(3246,4,'june2024',1,400,'2024-06-05 00:00:00'),(3247,5,'june2024',1,400,'2024-06-10 00:00:00'),(3248,6,'june2024',1,400,'2024-06-10 00:00:00'),(3249,7,'june2024',1,400,'2024-06-03 00:00:00'),(3250,8,'june2024',1,400,'2024-06-03 00:00:00'),(3251,9,'june2024',1,400,'2024-06-03 00:00:00'),(3252,10,'june2024',1,600,'2024-06-10 00:00:00'),(3253,11,'june2024',1,400,'2024-06-05 00:00:00'),(3254,12,'june2024',1,600,'2024-06-06 00:00:00'),(3255,13,'june2024',1,400,'2024-06-08 00:00:00'),(3256,14,'june2024',1,600,'2024-06-02 00:00:00'),(3257,15,'june2024',1,600,'2024-06-07 00:00:00'),(3258,16,'june2024',1,400,'2024-06-09 00:00:00'),(3259,17,'june2024',1,600,'2024-06-10 00:00:00'),(3260,18,'june2024',1,600,'2024-06-10 00:00:00'),(3274,1,'july2024',1,600,'2024-07-02 00:00:00'),(3275,2,'july2024',1,400,'2024-07-10 00:00:00'),(3276,3,'july2024',1,600,'2024-07-06 00:00:00'),(3277,4,'july2024',1,400,'2024-07-04 00:00:00'),(3278,5,'july2024',1,400,'2024-07-10 00:00:00'),(3279,6,'july2024',1,400,'2024-07-09 00:00:00'),(3280,7,'july2024',1,400,'2024-07-04 00:00:00'),(3281,8,'july2024',1,400,'2024-07-04 00:00:00'),(3282,9,'july2024',1,400,'2024-07-04 00:00:00'),(3283,10,'july2024',1,600,'2024-07-10 00:00:00'),(3284,11,'july2024',1,400,'2024-07-05 00:00:00'),(3285,12,'july2024',1,600,'2024-07-10 00:00:00'),(3286,13,'july2024',1,400,'2024-07-08 00:00:00'),(3287,14,'july2024',1,600,'2024-07-01 00:00:00'),(3288,15,'july2024',1,600,'2024-07-10 00:00:00'),(3289,16,'july2024',1,400,'2024-07-09 00:00:00'),(3290,17,'july2024',1,600,'2024-07-10 00:00:00'),(3291,18,'july2024',1,600,'2024-07-10 00:00:00'),(3305,1,'aug2024',1,600,'2024-08-02 00:00:00'),(3306,2,'aug2024',1,400,'2024-08-10 00:00:00'),(3307,3,'aug2024',1,600,'2024-08-09 00:00:00'),(3308,4,'aug2024',1,400,'2024-08-04 00:00:00'),(3309,5,'aug2024',1,400,'2024-08-10 00:00:00'),(3310,6,'aug2024',1,400,'2024-08-10 00:00:00'),(3311,7,'aug2024',1,400,'2024-08-05 00:00:00'),(3312,8,'aug2024',1,400,'2024-08-05 00:00:00'),(3313,9,'aug2024',1,400,'2024-08-02 00:00:00'),(3314,10,'aug2024',1,600,'2024-08-06 00:00:00'),(3315,11,'aug2024',1,400,'2024-08-09 00:00:00'),(3316,12,'aug2024',1,600,'2024-08-04 00:00:00'),(3317,13,'aug2024',1,400,'2024-08-09 00:00:00'),(3318,14,'aug2024',1,600,'2024-08-01 00:00:00'),(3319,15,'aug2024',1,600,'2024-08-10 00:00:00'),(3320,16,'aug2024',1,400,'2024-08-09 00:00:00'),(3321,17,'aug2024',1,600,'2024-08-10 00:00:00'),(3322,18,'aug2024',1,600,'2024-08-10 00:00:00'),(3336,1,'sept2024',1,600,'2024-09-01 00:00:00'),(3337,2,'sept2024',1,400,'2024-09-10 00:00:00'),(3338,3,'sept2024',1,600,'2024-09-04 00:00:00'),(3339,4,'sept2024',1,400,'2024-09-04 00:00:00'),(3340,5,'sept2024',1,400,'2024-09-11 00:00:00'),(3341,6,'sept2024',1,400,'2024-09-09 00:00:00'),(3342,7,'sept2024',1,400,'2024-09-08 00:00:00'),(3343,8,'sept2024',1,400,'2024-09-08 00:00:00'),(3344,9,'sept2024',1,400,'2024-09-03 00:00:00'),(3345,10,'sept2024',1,600,'2024-09-09 00:00:00'),(3346,11,'sept2024',1,400,'2024-09-07 00:00:00'),(3347,12,'sept2024',1,600,'2024-09-05 00:00:00'),(3348,13,'sept2024',1,400,'2024-09-09 00:00:00'),(3349,14,'sept2024',1,600,'2024-09-02 00:00:00'),(3350,15,'sept2024',1,600,'2024-09-15 00:00:00'),(3351,16,'sept2024',1,400,'2024-09-06 00:00:00'),(3352,17,'sept2024',1,600,'2024-09-10 00:00:00'),(3353,18,'sept2024',1,600,'2024-09-10 00:00:00'),(3367,1,'oct2024',1,600,'2024-10-08 00:00:00'),(3368,2,'oct2024',1,400,'2024-10-10 00:00:00'),(3369,3,'oct2024',1,600,'2024-10-05 00:00:00'),(3370,4,'oct2024',1,400,'2024-10-09 00:00:00'),(3371,5,'oct2024',1,400,'2024-10-10 00:00:00'),(3372,6,'oct2024',1,400,'2024-10-09 00:00:00'),(3373,7,'oct2024',1,400,'2024-10-04 00:00:00'),(3374,8,'oct2024',1,400,'2024-10-04 00:00:00'),(3375,9,'oct2024',1,400,'2024-10-04 00:00:00'),(3376,10,'oct2024',1,600,'2024-10-10 00:00:00'),(3377,11,'oct2024',1,400,'2024-10-18 00:00:00'),(3378,12,'oct2024',1,600,'2024-10-08 00:00:00'),(3379,13,'oct2024',1,400,'2024-10-03 00:00:00'),(3380,14,'oct2024',1,600,'2024-10-05 00:00:00'),(3381,15,'oct2024',1,600,'2024-10-06 00:00:00'),(3382,16,'oct2024',1,400,'2024-10-08 00:00:00'),(3383,17,'oct2024',1,600,'2024-10-10 00:00:00'),(3384,18,'oct2024',1,600,'2024-10-10 00:00:00'),(3398,1,'nov2024',1,600,'2024-11-07 00:00:00'),(3399,2,'nov2024',1,400,'2024-11-10 00:00:00'),(3400,3,'nov2024',1,600,'2024-11-05 00:00:00'),(3401,4,'nov2024',1,400,'2024-11-03 00:00:00'),(3402,5,'nov2024',1,400,'2024-11-10 00:00:00'),(3403,6,'nov2024',1,400,'2024-11-10 00:00:00'),(3404,7,'nov2024',1,400,'2024-11-10 00:00:00'),(3405,8,'nov2024',1,400,'2024-11-10 00:00:00'),(3406,9,'nov2024',1,400,'2024-11-05 00:00:00'),(3407,10,'nov2024',1,600,'2024-11-08 00:00:00'),(3408,11,'nov2024',1,400,'2024-11-09 00:00:00'),(3409,12,'nov2024',1,600,'2024-11-09 00:00:00'),(3410,13,'nov2024',1,400,'2024-11-09 00:00:00'),(3411,14,'nov2024',1,600,'2024-11-05 00:00:00'),(3412,15,'nov2024',1,600,'2024-11-11 00:00:00'),(3413,16,'nov2024',1,400,'2024-11-10 00:00:00'),(3414,17,'nov2024',1,600,'2024-11-10 00:00:00'),(3415,18,'nov2024',1,600,'2024-11-10 00:00:00'),(3429,1,'dec2024',1,600,'2024-12-02 00:00:00'),(3430,2,'dec2024',1,400,'2024-12-10 00:00:00'),(3431,3,'dec2024',1,600,'2024-12-05 00:00:00'),(3432,4,'dec2024',1,400,'2024-12-04 00:00:00'),(3433,5,'dec2024',1,400,'2024-12-09 00:00:00'),(3434,6,'dec2024',1,400,'2024-12-10 00:00:00'),(3435,7,'dec2024',1,400,'2024-12-06 00:00:00'),(3436,8,'dec2024',1,400,'2024-12-06 00:00:00'),(3437,9,'dec2024',1,400,'2024-12-04 00:00:00'),(3438,10,'dec2024',1,600,'2024-12-09 00:00:00'),(3439,11,'dec2024',1,400,'2024-12-10 00:00:00'),(3440,12,'dec2024',1,600,'2024-12-03 00:00:00'),(3441,13,'dec2024',1,400,'2024-12-09 00:00:00'),(3442,14,'dec2024',1,600,'2024-12-02 00:00:00'),(3443,15,'dec2024',1,600,'2024-12-06 00:00:00'),(3444,16,'dec2024',1,400,'2024-12-08 00:00:00'),(3445,17,'dec2024',1,600,'2024-12-10 00:00:00'),(3446,18,'dec2024',1,600,'2024-12-10 00:00:00'),(3460,1,'newmeter2024',1,1650,'2024-04-01 00:00:00'),(3461,2,'newmeter2024',1,1650,'2024-04-01 00:00:00'),(3462,3,'newmeter2024',1,1650,'2024-04-01 00:00:00'),(3463,4,'newmeter2024',1,1650,'2024-04-01 00:00:00'),(3464,5,'newmeter2024',1,1650,'2024-04-01 00:00:00'),(3465,6,'newmeter2024',1,1650,'2024-04-01 00:00:00'),(3466,7,'newmeter2024',1,1650,'2024-04-01 00:00:00'),(3467,8,'newmeter2024',1,1650,'2024-04-01 00:00:00'),(3468,9,'newmeter2024',1,1650,'2024-04-01 00:00:00'),(3469,10,'newmeter2024',1,1650,'2024-04-01 00:00:00'),(3470,11,'newmeter2024',1,1650,'2024-04-01 00:00:00'),(3471,12,'newmeter2024',1,1650,'2024-04-01 00:00:00'),(3472,13,'newmeter2024',1,1650,'2024-04-01 00:00:00'),(3473,14,'newmeter2024',1,1650,'2024-04-01 00:00:00'),(3474,15,'newmeter2024',1,1650,'2024-04-01 00:00:00'),(3475,16,'newmeter2024',1,1650,'2024-04-01 00:00:00'),(3476,17,'newmeter2024',1,1650,'2024-04-01 00:00:00'),(3477,18,'newmeter2024',1,1650,'2024-04-01 00:00:00');
/*!40000 ALTER TABLE `maintenance` ENABLE KEYS */;
UNLOCK TABLES;

--
-- Table structure for table `members`
--

DROP TABLE IF EXISTS `members`;
/*!40101 SET @saved_cs_client     = @@character_set_client */;
/*!50503 SET character_set_client = utf8mb4 */;
CREATE TABLE `members` (
  `flat_no` int unsigned NOT NULL,
  `name` varchar(25) NOT NULL,
  `mobile_number` varchar(12) NOT NULL,
  `flat_type` varchar(20) DEFAULT NULL,
  PRIMARY KEY (`flat_no`)
) ENGINE=InnoDB DEFAULT CHARSET=utf8mb3;
/*!40101 SET character_set_client = @saved_cs_client */;

--
-- Dumping data for table `members`
--

LOCK TABLES `members` WRITE;
/*!40000 ALTER TABLE `members` DISABLE KEYS */;
INSERT INTO `members` VALUES (1,'Pramila Bhor','','rent'),(2,'Akshay Jaygude','7276728747','owner'),(3,'Rajesh Ghule','7350424293','rent'),(4,'Jayram Poojari','9356225756','owner'),(5,'Chandrakant Joshi','9890644038','owner'),(6,'M.R Kashyap','9158683545','owner'),(7,'Kalpana Kulkarni','9370210740','owner'),(8,'Kalpana Kulkarni','9370210740','owner'),(9,'Sanjay Jawale','9923897154','owner'),(10,'Rajendra Pawar','','rent'),(11,'Suhas Dhumal','9689838547','owner'),(12,'Umesh Prajapati','9049004225','rent'),(13,'Sudhakar Shetty','9823307790','owner'),(14,'Shubhangi Sonawane','9762051999','rent'),(15,'Shubhangi Sonawane','9762051999','rent'),(16,'Anuja Joshi','90288759593','owner'),(17,'Suresh Chaudhari','9850948283','rent'),(18,'Suresh Chaudhari','9850948283','rent');
/*!40000 ALTER TABLE `members` ENABLE KEYS */;
UNLOCK TABLES;

--
-- Table structure for table `months`
--

DROP TABLE IF EXISTS `months`;
/*!40101 SET @saved_cs_client     = @@character_set_client */;
/*!50503 SET character_set_client = utf8mb4 */;
CREATE TABLE `months` (
  `month_id` varchar(15) NOT NULL,
  `month_name` varchar(20) NOT NULL,
  `previous_month_id` varchar(15) NOT NULL,
  `created_date` datetime NOT NULL,
  `latest` tinyint(1) NOT NULL,
  PRIMARY KEY (`month_id`)
) ENGINE=InnoDB DEFAULT CHARSET=utf8mb3;
/*!40101 SET character_set_client = @saved_cs_client */;

--
-- Dumping data for table `months`
--

LOCK TABLES `months` WRITE;
/*!40000 ALTER TABLE `months` DISABLE KEYS */;
INSERT INTO `months` VALUES ('apr2024','April 2024','marc2024','2024-12-21 07:52:39',0),('april2023','April 2023','march2023','2023-04-09 20:17:58',0),('aug2024','August 2024','july2024','2024-12-21 11:00:08',0),('august2022','August 2022','july2022','2022-08-05 14:26:06',0),('august2023','August 2023','july2023','2023-08-13 07:47:09',0),('contrib2000','Contribution 2000','none','2022-08-05 14:17:54',0),('dec2022','December 2022','nov2022','2022-12-01 08:27:04',0),('dec2023','December 2023','nov2023','2023-12-31 08:17:50',0),('dec2024','December 2024','nov2024','2024-12-21 14:13:45',1),('feb2023','February 2023','jan2023','2023-02-08 13:44:00',0),('feb2024','February 2024','jan2024','2024-03-23 08:12:08',0),('jan2023','January 2023','dec2022','2023-01-06 09:58:46',0),('jan2024','January 2024','dec2023','2024-01-14 11:56:04',0),('july2022','July 2022','june2022','2022-08-05 14:25:32',0),('july2023','July 2023','june2023','2023-07-16 11:54:40',0),('july2024','July 2024','june2024','2024-12-21 10:34:18',0),('june2022','June 2022','may2022','2022-08-05 14:24:14',0),('june2023','June 2023','may2023','2023-06-11 08:56:36',0),('june2024','June 2024','may2024','2024-12-21 09:28:44',0),('marc2024','March 2024','feb2024','2024-03-23 08:19:41',0),('march2023','March 2023','feb2023','2023-03-10 09:12:08',0),('may2022','May 2022','none','2022-08-05 14:21:07',0),('may2023','May 2023','april2023','2023-05-12 10:14:10',0),('may2024','May 2024','apr2024','2024-12-21 08:59:43',0),('newmeter2024','New Meter Wiring','none','2024-12-21 12:08:25',0),('nov2022','November 2022','oct2022','2022-10-26 21:53:25',0),('nov2023','November 2023','oct2023','2023-11-14 08:38:25',0),('nov2024','November 2024','oct2024','2024-12-21 14:06:05',0),('oct2022','October 2022','sept2022','2022-10-01 05:33:47',0),('oct2023','October 2023','sept2023','2023-11-14 08:18:29',0),('oct2024','October 2024','sept2024','2024-12-21 12:07:25',0),('sept2022','September 2022','august2022','2022-08-29 02:53:47',0),('sept2023','September 2023','august2023','2023-09-09 10:32:31',0),('sept2024','September 2024','aug2024','2024-12-21 11:47:59',0);
/*!40000 ALTER TABLE `months` ENABLE KEYS */;
UNLOCK TABLES;

--
-- Table structure for table `savings`
--

DROP TABLE IF EXISTS `savings`;
/*!40101 SET @saved_cs_client     = @@character_set_client */;
/*!50503 SET character_set_client = utf8mb4 */;
CREATE TABLE `savings` (
  `saving_month_id` varchar(15) NOT NULL,
  `maintenance_total` int NOT NULL,
  `fine_total` int NOT NULL,
  `previous_month_total` int NOT NULL,
  `expenses_total` int NOT NULL,
  `earnings_total` int NOT NULL,
  `total` int NOT NULL,
  `note` text,
  KEY `saving_month_id` (`saving_month_id`),
  CONSTRAINT `savings_ibfk_1` FOREIGN KEY (`saving_month_id`) REFERENCES `months` (`month_id`)
) ENGINE=InnoDB DEFAULT CHARSET=utf8mb3;
/*!40101 SET character_set_client = @saved_cs_client */;

--
-- Dumping data for table `savings`
--

LOCK TABLES `savings` WRITE;
/*!40000 ALTER TABLE `savings` DISABLE KEYS */;
INSERT INTO `savings` VALUES ('contrib2000',36000,0,0,24142,0,11858,'Rs. 9858 Deposited in Bank. Rs. 2000 added in October 2022 extra earnings.'),('may2022',5600,0,0,3230,0,2370,'None'),('june2022',6500,0,2370,6710,1000,3160,'None'),('july2022',6500,0,3160,8735,3040,3965,'None'),('august2022',7900,0,3965,4090,0,7775,'None'),('sept2022',7500,0,7775,4300,0,10975,'None'),('oct2022',7500,0,10975,7190,3000,14285,'None'),('nov2022',7600,0,14285,5790,0,16095,'None'),('dec2022',7600,0,16095,4470,0,19225,'None'),('jan2023',7600,0,19225,8315,0,18510,'None'),('feb2023',7500,0,18510,11925,520,14605,'None'),('march2023',8000,0,14605,4750,0,17855,'None'),('april2023',8000,0,17855,5040,0,20815,'None'),('may2023',8000,0,20815,2960,0,25855,'None'),('june2023',7600,0,25855,3660,0,29795,'None'),('july2023',7600,0,29795,3160,0,34235,'None'),('august2023',8100,0,34235,3940,0,38395,'None'),('sept2023',8000,0,38395,7380,0,39015,'None'),('oct2023',8000,0,39015,7810,0,39205,'None'),('nov2023',8000,0,39205,6040,0,41165,'None'),('dec2023',8100,0,41165,4710,0,44555,'None'),('jan2024',8100,0,44555,4490,0,48165,'None'),('feb2024',8800,0,48165,5960,0,51005,'None'),('marc2024',8800,0,51005,5860,0,53945,'None'),('apr2024',8800,0,53945,4065,0,58680,'None'),('may2024',8800,0,58680,6115,0,61365,'None'),('june2024',8800,0,61365,4430,0,65735,'None'),('july2024',8800,0,65735,4890,0,69645,'None'),('aug2024',8800,0,69645,9020,0,69425,'None'),('sept2024',8800,0,69425,7180,0,71045,'None'),('oct2024',8800,0,71045,4740,0,75105,'None'),('nov2024',8800,0,75105,4560,0,79345,'None'),('dec2024',8800,0,79345,6860,0,81285,'None'),('newmeter2024',29700,0,0,24240,0,5460,'None');
/*!40000 ALTER TABLE `savings` ENABLE KEYS */;
UNLOCK TABLES;
/*!40103 SET TIME_ZONE=@OLD_TIME_ZONE */;

/*!40101 SET SQL_MODE=@OLD_SQL_MODE */;
/*!40014 SET FOREIGN_KEY_CHECKS=@OLD_FOREIGN_KEY_CHECKS */;
/*!40014 SET UNIQUE_CHECKS=@OLD_UNIQUE_CHECKS */;
/*!40101 SET CHARACTER_SET_CLIENT=@OLD_CHARACTER_SET_CLIENT */;
/*!40101 SET CHARACTER_SET_RESULTS=@OLD_CHARACTER_SET_RESULTS */;
/*!40101 SET COLLATION_CONNECTION=@OLD_COLLATION_CONNECTION */;
/*!40111 SET SQL_NOTES=@OLD_SQL_NOTES */;

-- Dump completed on 2025-07-03 11:35:37
